node_id,provider,region,direction,size_mib,sample_count,success_count,failure_count,failure_rate,elapsed_sec_mean,elapsed_sec_std,elapsed_sec_p50,elapsed_sec_p90,elapsed_sec_p95,elapsed_sec_min,elapsed_sec_max,throughput_mib_per_sec_mean,throughput_mib_per_sec_p10,throughput_mib_per_sec_p50
gcp_asia_east1,gcp,asia-east1,download,1,1,1,0,0.0,6.3256360000232235,nan,6.3256360000232235,6.3256360000232235,6.3256360000232235,6.3256360000232235,6.3256360000232235,0.1580868706318746,0.1580868706318746,0.1580868706318746
gcp_asia_east1,gcp,asia-east1,upload,1,1,1,0,0.0,6.863728699972853,nan,6.863728699972853,6.863728699972853,6.863728699972853,6.863728699972853,6.863728699972853,0.14569340422851432,0.14569340422851432,0.14569340422851432
