workflow,quality_level,iteration,active_scenario_count,objective_value,max_violation,num_violated_scenarios,runtime_sec
workflow1,Q3,1,1000,17.551066285995333,0.0,0,0.0
workflow1,Q3,2,1000,17.551066285995333,0.0,0,0.0
workflow1,Q3,3,1000,17.551066285995333,0.0,0,0.0
workflow1,Q3,4,1000,17.551066285995333,0.0,0,0.0
workflow1,Q3,5,1000,17.551066285995333,0.0,0,0.0
workflow1,Q3,6,1000,17.551066285995333,0.0,0,0.0
