workflow,quality_level,iteration,active_scenario_count,objective_value,max_violation,num_violated_scenarios,runtime_sec
workflow2,Q3,1,15000,20.83911296059135,638.8631171268224,4540,506.4951309589669
workflow2,Q3,2,17500,20.839303844726782,98.94339719992445,2393,785.5121513750055
workflow2,Q3,3,19893,20.83900083027209,0.0,0,993.8118973340024
