setting,workflow,quality,initial_active_strategy,initial_active_fraction,active_batch_fraction,expected_cost,violation_rate,avg_latency,p95_latency,solver_runtime_sec,peak_memory_mb,status
workflow1_Q1,workflow1,Q1,stratified_random,0.25,0.025,1.835203985750138,0.0225,4689.985058078187,9041.474336155828,4.255935541033978,887.25,INFEASIBLE
workflow1_Q2,workflow1,Q2,stratified_random,0.25,0.05,6.7973233702392095,0.0295,9195.34757683878,23778.271155466573,3.6731314579956234,873.953125,INFEASIBLE
workflow1_Q3,workflow1,Q3,stratified_quantile,0.15,0.05,20.60582483902818,0.0395,15040.740188667329,40727.35923974008,3.3583039580262266,843.046875,INFEASIBLE
workflow2_Q1,workflow2,Q1,stratified_random,0.2,0.05,3.380360373099147,0.01925,4580.332425816811,9297.72647693968,37.26147600001423,1561.9375,INFEASIBLE
workflow2_Q2,workflow2,Q2,stratified_quantile,0.15,0.025,8.199015711831874,0.02975,9113.236609182264,22461.9509414044,23.172865125030512,1300.0,INFEASIBLE
workflow2_Q3,workflow2,Q3,stratified_quantile,0.2,0.05,20.960227737035886,0.043,14933.934948505615,39280.51087436221,55.311211748979986,1579.640625,INFEASIBLE
