setting,workflow,quality,initial_active_strategy,initial_active_fraction,active_batch_fraction,attempts,expected_cost,avg_latency,p95_latency,violation_rate,solver_runtime_sec,status,wall_runtime_sec
workflow1_Q1,workflow1,Q1,stratified_random,0.25,0.025,1,1.801445721249195,4623.320734651276,9024.669359632491,0.03196,107.72732679199544,INFEASIBLE,158.87714333398617
workflow1_Q2,workflow1,Q2,stratified_random,0.25,0.05,1,6.97984589383861,9469.155613166135,23434.717835461808,0.0408,90.23677229101304,INFEASIBLE,141.61545116698835
workflow1_Q3,workflow1,Q3,stratified_quantile,0.15,0.05,1,20.295721633246075,15648.722419127245,41887.18577031493,0.06694,81.07972845900804,INFEASIBLE,125.8226422079897
workflow2_Q1,workflow2,Q1,stratified_random,0.2,0.05,1,3.400031383664321,4892.137718907689,9850.910598789009,0.06478,414.1955490830296,INFEASIBLE,577.8980002499884
workflow2_Q2,workflow2,Q2,stratified_quantile,0.15,0.025,1,8.431387404525806,10545.647315233184,26008.702326212882,0.06544,546.6422156260232,INFEASIBLE,818.7149012080044
workflow2_Q3,workflow2,Q3,stratified_quantile,0.2,0.05,1,20.958205103774603,14935.820855098931,39353.93770490545,0.05596,920.7979770830134,INFEASIBLE,1079.2978820410208
