initial_active_strategy,initial_active_fraction,active_batch_fraction,setting_count,mean_cost,mean_svr,mean_latency,mean_p95_latency,total_solver_runtime_sec,total_wall_runtime_sec,max_peak_memory_mb,mean_iteration_count,max_iteration_count,mean_active_scenario_count,infeasible_rate,pareto_efficient
stratified_random,0.25,0.025,6,5.0529758640226445,0.025249999999999998,6894.7117637786905,16144.837554146601,88.86933541600592,227.60755987398443,1498.5,1.3333333333333333,2,1166.5,1.0,True
stratified_random,0.15,0.05,6,10.296251875922843,0.05575,10162.278031890715,25837.89368972613,86.37251733409357,232.92841554200277,1362.109375,2.1666666666666665,3,1300.8333333333333,1.0,True
stratified_quantile,0.1,0.05,6,10.29623899955425,0.06087499999999999,10344.273468686535,26394.001327891205,73.84299083097721,244.76009729100042,1334.765625,3.0,3,915.6666666666666,1.0,True
stratified_random,0.1,0.1,6,10.296239091449644,0.06087499999999999,10344.252567147372,26393.98160809505,67.76028000001679,201.33647970997845,1453.984375,2.0,2,1115.1666666666667,1.0,True
