setting,workflow,quality,initial_active_strategy,initial_active_fraction,active_batch_fraction,expected_cost,avg_latency,p95_latency,violation_rate,solver_runtime_sec,status,wall_runtime_sec,iteration_count,active_scenario_count
workflow1_Q1,workflow1,Q1,latency_quantile,0.2,0.05,1.8014148806196806,4897.577195567062,9801.735255076623,0.06354,44.56880891698529,INFEASIBLE,,2,12500
workflow1_Q2,workflow1,Q2,latency_quantile,0.2,0.05,6.979769689929581,10599.24323736614,26848.9724950125,0.06614,95.93279558300856,INFEASIBLE,163.20224670899916,2,12500
workflow1_Q3,workflow1,Q3,latency_quantile,0.2,0.05,20.295721633246075,15648.722419127247,41887.185770314936,0.06694,109.42051279099542,INFEASIBLE,177.44237716699718,2,12500
workflow2_Q1,workflow2,Q1,latency_quantile,0.2,0.05,3.4000319747684045,4892.082611198371,9850.872735041838,0.06478,468.77239524998004,INFEASIBLE,690.307639207982,2,12500
workflow2_Q2,workflow2,Q2,latency_quantile,0.2,0.05,8.43138799168423,10545.23918018982,26008.294224575544,0.06544,404.1706832089985,INFEASIBLE,617.5334299170063,2,12500
workflow2_Q3,workflow2,Q3,latency_quantile,0.2,0.05,20.958047546214324,15814.182627798744,41957.82951603761,0.06874,415.8820006659953,INFEASIBLE,626.4740441670001,2,12500
