setting,workflow,quality,initial_active_strategy,initial_active_fraction,active_batch_fraction,expected_cost,avg_latency,p95_latency,violation_rate,solver_runtime_sec,status,wall_runtime_sec
workflow1_Q1,workflow1,Q1,stratified_random,0.1,0.075,1.801414880619681,4897.577195567061,9801.73525507662,0.06354,53.90867570901173,INFEASIBLE,97.47481066599721
workflow1_Q2,workflow1,Q2,stratified_random,0.1,0.075,6.979769689929579,10599.243237366138,26848.972495012495,0.06614,58.367037833988434,INFEASIBLE,100.12976954202168
workflow1_Q3,workflow1,Q3,stratified_random,0.1,0.075,20.295721633246075,15648.722419127245,41887.18577031493,0.06694,51.8667797500093,INFEASIBLE,93.6492410840001
workflow2_Q1,workflow2,Q1,stratified_random,0.1,0.075,3.4000636189441433,4604.67106495059,9063.291998936547,0.03286,177.21249000000535,INFEASIBLE,297.5970537500107
workflow2_Q2,workflow2,Q2,stratified_random,0.15,0.075,8.431467589484104,9424.203857951692,22696.343462150446,0.0398,364.47546483398764,INFEASIBLE,513.1210164999939
workflow2_Q3,workflow2,Q3,stratified_random,0.1,0.075,20.958047554907314,15814.184811001276,41957.83169914746,0.06874,292.84621379099553,INFEASIBLE,419.0134670000116
