setting,workflow,quality,initial_active_strategy,initial_active_fraction,active_batch_fraction,expected_cost,violation_rate,avg_latency,p95_latency,solver_runtime_sec,peak_memory_mb,status
workflow1_Q1,workflow1,Q1,stratified_random,0.1,0.075,1.806437517552304,0.05865,4906.714986135758,9805.262345713238,11.47665283299284,1314.90625,INFEASIBLE
workflow1_Q2,workflow1,Q2,stratified_random,0.1,0.075,6.9930666543077455,0.0605,10616.038288097188,26798.36403605769,11.582453832990725,1224.671875,INFEASIBLE
workflow1_Q3,workflow1,Q3,stratified_random,0.1,0.075,20.299643165158212,0.06045,15650.14955570907,41845.47436794099,11.658672249992378,1281.03125,INFEASIBLE
workflow2_Q1,workflow2,Q1,stratified_random,0.1,0.075,3.401993680448355,0.0223,4620.822625854236,9059.23989753551,79.2618111250049,3026.5,INFEASIBLE
workflow2_Q2,workflow2,Q2,stratified_random,0.15,0.075,8.440004275956237,0.05825,10557.829967393784,26213.54684267736,212.7742092499975,4121.34375,INFEASIBLE
workflow2_Q3,workflow2,Q3,stratified_random,0.1,0.075,20.895792800380004,0.0597,15766.555897983742,42036.353777699725,167.04372341700946,3271.453125,INFEASIBLE
