initial_active_strategy,initial_active_fraction,active_batch_fraction,setting_count,mean_cost,mean_svr,mean_latency,mean_p95_latency,total_solver_runtime_sec,total_wall_runtime_sec,max_peak_memory_mb,mean_iteration_count,max_iteration_count,mean_active_scenario_count,infeasible_rate,pareto_efficient
stratified_random,0.2,0.05,6,10.306187569396197,0.03665833333333333,9930.205941645048,24700.85382207405,782.1037438739731,1243.8687110009778,4298.59375,2.0,2,7396.0,1.0,True
stratified_random,0.15,0.075,6,10.306156348967143,0.05330833333333334,10353.018553528964,25959.70687793742,676.5107210410351,1122.6670797090337,4190.5,2.0,2,7158.166666666667,1.0,True
stratified_random,0.15,0.05,6,10.306156348967143,0.05330833333333334,10353.018553528964,25959.70687793742,782.200955166918,1324.4694951239799,4157.515625,2.5,3,6511.0,1.0,True
stratified_random,0.15,0.025,6,10.306156348967143,0.05330833333333334,10353.018553528964,25959.70687793742,923.147201084008,1597.2602622089908,3846.09375,3.3333333333333335,4,6382.0,1.0,True
stratified_random,0.1,0.075,6,10.306156351536021,0.05330833333333334,10353.067305186109,25959.77822473332,399.8146538750152,787.483527415985,3570.296875,2.0,2,5001.5,1.0,True
stratified_random,0.1,0.05,6,10.306156351536021,0.05330833333333334,10353.067305186109,25959.77822473332,502.1383282520692,1000.883443248953,3358.703125,2.8333333333333335,3,4484.0,1.0,True
