workflow,quality_level,iteration,active_scenario_count,objective_value,max_violation,num_violated_scenarios,runtime_sec
workflow2,Q2,1,200,3.9270381198446813,3.92409401753838,5,0.9198225999716669
workflow2,Q2,2,205,3.927038738068322,22.95694245278527,466,0.9742749000433832
workflow2,Q2,3,255,3.9270382381778566,0.0,0,1.5026050000451505
